<?xml version="1.0" encoding="UTF-8"?>
<config xmlns="http://www.knime.org/2008/09/XMLConfig" xmlns:xsi="http://www.w3.org/2001/XMLSchema-instance" xsi:schemaLocation="http://www.knime.org/2008/09/XMLConfig http://www.knime.org/XMLConfig_2008_09.xsd" key="model.xml">
<entry key="version" type="xint" value="1"/>
<entry key="class_name" type="xstring" value="org.knime.base.data.normalize.NormalizerPortObject"/>
<config key="model">
<config key="columns">
<config key="Total_Bilirubin">
<entry key="column_name" type="xstring" value="Total_Bilirubin"/>
<entry key="column_scale" type="xdouble" value="0.9818100069120929"/>
<entry key="column_translate" type="xdouble" value="-0.45499128827260815"/>
<entry key="column_min" type="xdouble" value="NaN"/>
<entry key="column_max" type="xdouble" value="NaN"/>
</config>
<config key="Direct_Bilirubin">
<entry key="column_name" type="xstring" value="Direct_Bilirubin"/>
<entry key="column_scale" type="xdouble" value="0.7539238289369076"/>
<entry key="column_translate" type="xdouble" value="0.4903319467768749"/>
<entry key="column_min" type="xdouble" value="NaN"/>
<entry key="column_max" type="xdouble" value="NaN"/>
</config>
<config key="Alkaline_Phosphotase">
<entry key="column_name" type="xstring" value="Alkaline_Phosphotase"/>
<entry key="column_scale" type="xdouble" value="1.8934809780176858"/>
<entry key="column_translate" type="xdouble" value="-10.401681117142177"/>
<entry key="column_min" type="xdouble" value="NaN"/>
<entry key="column_max" type="xdouble" value="NaN"/>
</config>
<config key="Alamine_Aminotransferase">
<entry key="column_name" type="xstring" value="Alamine_Aminotransferase"/>
<entry key="column_scale" type="xdouble" value="1.1108200452952992"/>
<entry key="column_translate" type="xdouble" value="-4.1676066823017"/>
<entry key="column_min" type="xdouble" value="NaN"/>
<entry key="column_max" type="xdouble" value="NaN"/>
</config>
<config key="Aspartate_Aminotransferase">
<entry key="column_name" type="xstring" value="Aspartate_Aminotransferase"/>
<entry key="column_scale" type="xdouble" value="1.0026256118329349"/>
<entry key="column_translate" type="xdouble" value="-3.967159755430619"/>
<entry key="column_min" type="xdouble" value="NaN"/>
<entry key="column_max" type="xdouble" value="NaN"/>
</config>
<config key="Total_Protiens">
<entry key="column_name" type="xstring" value="Total_Protiens"/>
<entry key="column_scale" type="xdouble" value="0.9212756302043817"/>
<entry key="column_translate" type="xdouble" value="-5.972805316438253"/>
<entry key="column_min" type="xdouble" value="NaN"/>
<entry key="column_max" type="xdouble" value="NaN"/>
</config>
<config key="Albumin">
<entry key="column_name" type="xstring" value="Albumin"/>
<entry key="column_scale" type="xdouble" value="3.6116653020134857"/>
<entry key="column_translate" type="xdouble" value="-4.006119347233865"/>
<entry key="column_min" type="xdouble" value="NaN"/>
<entry key="column_max" type="xdouble" value="NaN"/>
</config>
<config key="Albumin_and_Globulin_Ratio">
<entry key="column_name" type="xstring" value="Albumin_and_Globulin_Ratio"/>
<entry key="column_scale" type="xdouble" value="2.8973291596195505"/>
<entry key="column_translate" type="xdouble" value="0.3202765129983765"/>
<entry key="column_min" type="xdouble" value="NaN"/>
<entry key="column_max" type="xdouble" value="NaN"/>
</config>
</config>
<entry key="summary" type="xstring" value="Z-Score (Gaussian) normalization on 8 column(s)"/>
</config>
</config>
